year,Duration
2015,1402.8772485168354
2016,1251.3883673125931
2017,1213.1664092078424
2018,1195.517248116136
2019,1172.012890441432
2020,1572.497823717787
2021,1316.0991556642796
2022,1220.2718520942535
