dayofweek,Duration
0,1231.7015996719365
1,1171.603788680796
2,1205.5923150587919
3,1205.6226279638736
4,1259.5409588636599
5,1511.0904723847793
6,1531.1135129735212
